,precision,recall,f1-score,support
Benign Masses,0.9991624790619765,0.9991624790619765,0.9991624790619765,1194.0
Malignant Masses,0.9993016759776536,0.9993016759776536,0.9993016759776536,1432.0
accuracy,0.9992383853769993,0.9992383853769993,0.9992383853769993,0.9992383853769993
macro avg,0.9992320775198151,0.9992320775198151,0.9992320775198151,2626.0
weighted avg,0.9992383853769993,0.9992383853769993,0.9992383853769993,2626.0
