,precision,recall,f1-score,support
Non-Tumor,0.9423076923076923,0.9074074074074074,0.9245283018867925,108.0
Non-Viable-Tumor,0.95,0.7169811320754716,0.8172043010752688,53.0
Viable,0.75,0.9661016949152542,0.8444444444444443,59.0
accuracy,0.8772727272727273,0.8772727272727273,0.8772727272727273,0.8772727272727273
macro avg,0.8807692307692307,0.8634967447993778,0.8620590158021685,220.0
weighted avg,0.8925874125874126,0.8772727272727273,0.8771959399226593,220.0
