,precision,recall,f1-score,support
CLL,0.8636363636363636,0.8260869565217391,0.8444444444444444,23.0
FL,0.9565217391304348,0.7857142857142857,0.8627450980392156,28.0
MCL,0.7741935483870968,0.96,0.8571428571428571,25.0
accuracy,0.8552631578947368,0.8552631578947368,0.8552631578947368,0.8552631578947368
macro avg,0.864783883717965,0.8572670807453416,0.8547774665421723,76.0
weighted avg,0.868435312749552,0.8552631578947368,0.8553638999459432,76.0
