,precision,recall,f1-score,support
benign,0.8770491803278688,0.9067796610169492,0.8916666666666667,118.0
malignant,0.9547325102880658,0.9392712550607287,0.946938775510204,247.0
accuracy,0.9287671232876712,0.9287671232876712,0.9287671232876712,0.9287671232876712
macro avg,0.9158908453079673,0.923025458038839,0.9193027210884354,365.0
weighted avg,0.9296184474516186,0.9287671232876712,0.9290699841580468,365.0
