,precision,recall,f1-score,support
HSIL,0.95,0.9693877551020408,0.9595959595959594,98.0
LSIL,0.9826086956521739,1.0,0.9912280701754386,113.0
NL,0.9917355371900827,1.0,0.995850622406639,120.0
SCC,1.0,0.957983193277311,0.9785407725321889,119.0
accuracy,0.9822222222222222,0.9822222222222222,0.9822222222222222,0.9822222222222222
macro avg,0.981086058210564,0.9818427370948379,0.9813038561775564,450.0
weighted avg,0.9825401046033457,0.9822222222222222,0.9822168946452351,450.0
