,precision,recall,f1-score,support
DAB,1.0,1.0,1.0,23.0
DistanceMap,1.0,0.9565217391304348,0.9777777777777777,23.0
Hematoxylin,1.0,1.0,1.0,23.0
MYC_IHC,0.9583333333333334,1.0,0.9787234042553191,23.0
accuracy,0.9891304347826086,0.9891304347826086,0.9891304347826086,0.9891304347826086
macro avg,0.9895833333333334,0.9891304347826086,0.9891252955082742,92.0
weighted avg,0.9895833333333334,0.9891304347826086,0.9891252955082741,92.0
