,precision,recall,f1-score,support
glioma_tumor,0.86,0.43,0.5733333333333333,100.0
meningioma_tumor,0.7197452229299363,0.9826086956521739,0.8308823529411764,115.0
no_tumor,0.8429752066115702,0.9714285714285714,0.9026548672566371,105.0
pituitary_tumor,0.9696969696969697,0.8648648648648649,0.9142857142857143,74.0
accuracy,0.817258883248731,0.817258883248731,0.817258883248731,0.817258883248731
macro avg,0.848104349809619,0.8122255329864025,0.8052890669542152,394.0
weighted avg,0.8351286119003383,0.817258883248731,0.8003063650778132,394.0
