,precision,recall,f1-score,support
Class0,0.921875,0.9833333333333333,0.9516129032258064,60.0
Class1,0.8333333333333334,0.5,0.625,10.0
accuracy,0.9142857142857143,0.9142857142857143,0.9142857142857143,0.9142857142857143
macro avg,0.8776041666666667,0.7416666666666667,0.7883064516129032,70.0
weighted avg,0.9092261904761905,0.9142857142857143,0.9049539170506912,70.0
