,precision,recall,f1-score,support
Parasitized,0.9648805213613324,0.9669811320754716,0.965929684668358,2756.0
Uninfected,0.9669090909090909,0.9648040638606676,0.9658554304395205,2756.0
accuracy,0.9658925979680697,0.9658925979680697,0.9658925979680697,0.9658925979680697
macro avg,0.9658948061352117,0.9658925979680697,0.9658925575539392,5512.0
weighted avg,0.9658948061352118,0.9658925979680697,0.9658925575539393,5512.0
