,precision,recall,f1-score,support
Benign,1.0,0.9900990099009901,0.9950248756218906,101.0
Early,0.9899497487437185,1.0,0.9949494949494949,197.0
Pre,1.0,0.9948186528497409,0.9974025974025974,193.0
Pro,1.0,1.0,1.0,161.0
accuracy,0.9969325153374233,0.9969325153374233,0.9969325153374233,0.9969325153374233
macro avg,0.9974874371859297,0.9962294156876828,0.9968442419934957,652.0
weighted avg,0.996963344329007,0.9969325153374233,0.996934454358225,652.0
