,precision,recall,f1-score,support
MSIMUT,0.921097322011757,0.9395069953364423,0.9302110817941953,7505.0
MSS,0.9607877008118846,0.9484993178717599,0.9546039646442978,11728.0
accuracy,0.9449903811157906,0.9449903811157906,0.9449903811157906,0.9449903811157906
macro avg,0.9409425114118208,0.9440031566041012,0.9424075232192466,19233.0
weighted avg,0.9452999301627422,0.9449903811157906,0.9450855023248458,19233.0
