,precision,recall,f1-score,support
benign,0.9242596810933941,0.8280612244897959,0.8735199138858989,1960.0
malignant,0.8978478326765686,0.9570274636510501,0.9264935877385049,3095.0
accuracy,0.9070227497527201,0.9070227497527201,0.9070227497527201,0.9070227497527201
macro avg,0.9110537568849814,0.892544344070423,0.9000067508122018,5055.0
weighted avg,0.9080886285018858,0.9070227497527201,0.9059538447610355,5055.0
